{"mean": 8.2848418969661e-06, "std": 1.0000004768371582}